--
-- PostgreSQL database dump
--

-- Dumped from database version 14.17 (Homebrew)
-- Dumped by pg_dump version 14.18 (Homebrew)

SET statement_timeout = 0;
SET lock_timeout = 0;
SET idle_in_transaction_session_timeout = 0;
SET client_encoding = 'UTF8';
SET standard_conforming_strings = on;
SELECT pg_catalog.set_config('search_path', '', false);
SET check_function_bodies = false;
SET xmloption = content;
SET client_min_messages = warning;
SET row_security = off;

SET default_tablespace = '';

SET default_table_access_method = heap;

--
-- Name: accounts_candidateprofile; Type: TABLE; Schema: public; Owner: Terobau69
--

CREATE TABLE public.accounts_candidateprofile (
    id bigint NOT NULL,
    phone_number character varying(15),
    user_id bigint NOT NULL
);


ALTER TABLE public.accounts_candidateprofile OWNER TO "Terobau69";

--
-- Name: accounts_candidateprofile_id_seq; Type: SEQUENCE; Schema: public; Owner: Terobau69
--

ALTER TABLE public.accounts_candidateprofile ALTER COLUMN id ADD GENERATED BY DEFAULT AS IDENTITY (
    SEQUENCE NAME public.accounts_candidateprofile_id_seq
    START WITH 1
    INCREMENT BY 1
    NO MINVALUE
    NO MAXVALUE
    CACHE 1
);


--
-- Name: accounts_companyprofile; Type: TABLE; Schema: public; Owner: Terobau69
--

CREATE TABLE public.accounts_companyprofile (
    id bigint NOT NULL,
    phone_number character varying(15),
    user_id bigint NOT NULL,
    company_name character varying(100)
);


ALTER TABLE public.accounts_companyprofile OWNER TO "Terobau69";

--
-- Name: accounts_companyprofile_id_seq; Type: SEQUENCE; Schema: public; Owner: Terobau69
--

ALTER TABLE public.accounts_companyprofile ALTER COLUMN id ADD GENERATED BY DEFAULT AS IDENTITY (
    SEQUENCE NAME public.accounts_companyprofile_id_seq
    START WITH 1
    INCREMENT BY 1
    NO MINVALUE
    NO MAXVALUE
    CACHE 1
);


--
-- Name: accounts_customuser; Type: TABLE; Schema: public; Owner: postgres
--

CREATE TABLE public.accounts_customuser (
    id bigint NOT NULL,
    password character varying(128) NOT NULL,
    last_login timestamp with time zone,
    is_superuser boolean NOT NULL,
    first_name character varying(30) NOT NULL,
    last_name character varying(30) NOT NULL,
    is_staff boolean NOT NULL,
    is_active boolean NOT NULL,
    date_joined timestamp with time zone NOT NULL,
    email character varying(254) NOT NULL,
    role character varying(10) NOT NULL
);


ALTER TABLE public.accounts_customuser OWNER TO postgres;

--
-- Name: accounts_customuser_groups; Type: TABLE; Schema: public; Owner: postgres
--

CREATE TABLE public.accounts_customuser_groups (
    id bigint NOT NULL,
    customuser_id bigint NOT NULL,
    group_id integer NOT NULL
);


ALTER TABLE public.accounts_customuser_groups OWNER TO postgres;

--
-- Name: accounts_customuser_groups_id_seq; Type: SEQUENCE; Schema: public; Owner: postgres
--

ALTER TABLE public.accounts_customuser_groups ALTER COLUMN id ADD GENERATED BY DEFAULT AS IDENTITY (
    SEQUENCE NAME public.accounts_customuser_groups_id_seq
    START WITH 1
    INCREMENT BY 1
    NO MINVALUE
    NO MAXVALUE
    CACHE 1
);


--
-- Name: accounts_customuser_id_seq; Type: SEQUENCE; Schema: public; Owner: postgres
--

ALTER TABLE public.accounts_customuser ALTER COLUMN id ADD GENERATED BY DEFAULT AS IDENTITY (
    SEQUENCE NAME public.accounts_customuser_id_seq
    START WITH 1
    INCREMENT BY 1
    NO MINVALUE
    NO MAXVALUE
    CACHE 1
);


--
-- Name: accounts_customuser_user_permissions; Type: TABLE; Schema: public; Owner: postgres
--

CREATE TABLE public.accounts_customuser_user_permissions (
    id bigint NOT NULL,
    customuser_id bigint NOT NULL,
    permission_id integer NOT NULL
);


ALTER TABLE public.accounts_customuser_user_permissions OWNER TO postgres;

--
-- Name: accounts_customuser_user_permissions_id_seq; Type: SEQUENCE; Schema: public; Owner: postgres
--

ALTER TABLE public.accounts_customuser_user_permissions ALTER COLUMN id ADD GENERATED BY DEFAULT AS IDENTITY (
    SEQUENCE NAME public.accounts_customuser_user_permissions_id_seq
    START WITH 1
    INCREMENT BY 1
    NO MINVALUE
    NO MAXVALUE
    CACHE 1
);


--
-- Name: auth_group; Type: TABLE; Schema: public; Owner: postgres
--

CREATE TABLE public.auth_group (
    id integer NOT NULL,
    name character varying(150) NOT NULL
);


ALTER TABLE public.auth_group OWNER TO postgres;

--
-- Name: auth_group_id_seq; Type: SEQUENCE; Schema: public; Owner: postgres
--

ALTER TABLE public.auth_group ALTER COLUMN id ADD GENERATED BY DEFAULT AS IDENTITY (
    SEQUENCE NAME public.auth_group_id_seq
    START WITH 1
    INCREMENT BY 1
    NO MINVALUE
    NO MAXVALUE
    CACHE 1
);


--
-- Name: auth_group_permissions; Type: TABLE; Schema: public; Owner: postgres
--

CREATE TABLE public.auth_group_permissions (
    id bigint NOT NULL,
    group_id integer NOT NULL,
    permission_id integer NOT NULL
);


ALTER TABLE public.auth_group_permissions OWNER TO postgres;

--
-- Name: auth_group_permissions_id_seq; Type: SEQUENCE; Schema: public; Owner: postgres
--

ALTER TABLE public.auth_group_permissions ALTER COLUMN id ADD GENERATED BY DEFAULT AS IDENTITY (
    SEQUENCE NAME public.auth_group_permissions_id_seq
    START WITH 1
    INCREMENT BY 1
    NO MINVALUE
    NO MAXVALUE
    CACHE 1
);


--
-- Name: auth_permission; Type: TABLE; Schema: public; Owner: postgres
--

CREATE TABLE public.auth_permission (
    id integer NOT NULL,
    name character varying(255) NOT NULL,
    content_type_id integer NOT NULL,
    codename character varying(100) NOT NULL
);


ALTER TABLE public.auth_permission OWNER TO postgres;

--
-- Name: auth_permission_id_seq; Type: SEQUENCE; Schema: public; Owner: postgres
--

ALTER TABLE public.auth_permission ALTER COLUMN id ADD GENERATED BY DEFAULT AS IDENTITY (
    SEQUENCE NAME public.auth_permission_id_seq
    START WITH 1
    INCREMENT BY 1
    NO MINVALUE
    NO MAXVALUE
    CACHE 1
);


--
-- Name: django_admin_log; Type: TABLE; Schema: public; Owner: postgres
--

CREATE TABLE public.django_admin_log (
    id integer NOT NULL,
    action_time timestamp with time zone NOT NULL,
    object_id text,
    object_repr character varying(200) NOT NULL,
    action_flag smallint NOT NULL,
    change_message text NOT NULL,
    content_type_id integer,
    user_id bigint NOT NULL,
    CONSTRAINT django_admin_log_action_flag_check CHECK ((action_flag >= 0))
);


ALTER TABLE public.django_admin_log OWNER TO postgres;

--
-- Name: django_admin_log_id_seq; Type: SEQUENCE; Schema: public; Owner: postgres
--

ALTER TABLE public.django_admin_log ALTER COLUMN id ADD GENERATED BY DEFAULT AS IDENTITY (
    SEQUENCE NAME public.django_admin_log_id_seq
    START WITH 1
    INCREMENT BY 1
    NO MINVALUE
    NO MAXVALUE
    CACHE 1
);


--
-- Name: django_content_type; Type: TABLE; Schema: public; Owner: postgres
--

CREATE TABLE public.django_content_type (
    id integer NOT NULL,
    app_label character varying(100) NOT NULL,
    model character varying(100) NOT NULL
);


ALTER TABLE public.django_content_type OWNER TO postgres;

--
-- Name: django_content_type_id_seq; Type: SEQUENCE; Schema: public; Owner: postgres
--

ALTER TABLE public.django_content_type ALTER COLUMN id ADD GENERATED BY DEFAULT AS IDENTITY (
    SEQUENCE NAME public.django_content_type_id_seq
    START WITH 1
    INCREMENT BY 1
    NO MINVALUE
    NO MAXVALUE
    CACHE 1
);


--
-- Name: django_migrations; Type: TABLE; Schema: public; Owner: postgres
--

CREATE TABLE public.django_migrations (
    id bigint NOT NULL,
    app character varying(255) NOT NULL,
    name character varying(255) NOT NULL,
    applied timestamp with time zone NOT NULL
);


ALTER TABLE public.django_migrations OWNER TO postgres;

--
-- Name: django_migrations_id_seq; Type: SEQUENCE; Schema: public; Owner: postgres
--

ALTER TABLE public.django_migrations ALTER COLUMN id ADD GENERATED BY DEFAULT AS IDENTITY (
    SEQUENCE NAME public.django_migrations_id_seq
    START WITH 1
    INCREMENT BY 1
    NO MINVALUE
    NO MAXVALUE
    CACHE 1
);


--
-- Name: django_session; Type: TABLE; Schema: public; Owner: postgres
--

CREATE TABLE public.django_session (
    session_key character varying(40) NOT NULL,
    session_data text NOT NULL,
    expire_date timestamp with time zone NOT NULL
);


ALTER TABLE public.django_session OWNER TO postgres;

--
-- Name: matcher_matchresult; Type: TABLE; Schema: public; Owner: Terobau69
--

CREATE TABLE public.matcher_matchresult (
    id bigint NOT NULL,
    score double precision NOT NULL,
    created_at timestamp with time zone NOT NULL,
    job_description_id bigint NOT NULL,
    resume_id bigint NOT NULL
);


ALTER TABLE public.matcher_matchresult OWNER TO "Terobau69";

--
-- Name: matcher_matchresult_id_seq; Type: SEQUENCE; Schema: public; Owner: Terobau69
--

ALTER TABLE public.matcher_matchresult ALTER COLUMN id ADD GENERATED BY DEFAULT AS IDENTITY (
    SEQUENCE NAME public.matcher_matchresult_id_seq
    START WITH 1
    INCREMENT BY 1
    NO MINVALUE
    NO MAXVALUE
    CACHE 1
);


--
-- Name: resumes_jobdescription; Type: TABLE; Schema: public; Owner: postgres
--

CREATE TABLE public.resumes_jobdescription (
    id bigint NOT NULL,
    file character varying(100) NOT NULL,
    uploaded_at timestamp with time zone NOT NULL,
    user_id bigint NOT NULL,
    company_name character varying(200),
    experience_level character varying(50),
    extracted_text text,
    is_active boolean NOT NULL,
    job_type character varying(50),
    location character varying(200),
    required_skills text,
    title character varying(200),
    original_filename character varying(255) NOT NULL
);


ALTER TABLE public.resumes_jobdescription OWNER TO postgres;

--
-- Name: resumes_jobdescription_id_seq; Type: SEQUENCE; Schema: public; Owner: postgres
--

ALTER TABLE public.resumes_jobdescription ALTER COLUMN id ADD GENERATED BY DEFAULT AS IDENTITY (
    SEQUENCE NAME public.resumes_jobdescription_id_seq
    START WITH 1
    INCREMENT BY 1
    NO MINVALUE
    NO MAXVALUE
    CACHE 1
);


--
-- Name: resumes_resume; Type: TABLE; Schema: public; Owner: postgres
--

CREATE TABLE public.resumes_resume (
    id bigint NOT NULL,
    file character varying(100) NOT NULL,
    uploaded_at timestamp with time zone NOT NULL,
    user_id bigint NOT NULL,
    extracted_text text,
    original_filename character varying(255) NOT NULL
);


ALTER TABLE public.resumes_resume OWNER TO postgres;

--
-- Name: resumes_resume_id_seq; Type: SEQUENCE; Schema: public; Owner: postgres
--

ALTER TABLE public.resumes_resume ALTER COLUMN id ADD GENERATED BY DEFAULT AS IDENTITY (
    SEQUENCE NAME public.resumes_resume_id_seq
    START WITH 1
    INCREMENT BY 1
    NO MINVALUE
    NO MAXVALUE
    CACHE 1
);


--
-- Name: resumes_similarityscore; Type: TABLE; Schema: public; Owner: Terobau69
--

CREATE TABLE public.resumes_similarityscore (
    id bigint NOT NULL,
    score double precision NOT NULL,
    created_at timestamp with time zone NOT NULL,
    job_description_id bigint NOT NULL,
    resume_id bigint NOT NULL
);


ALTER TABLE public.resumes_similarityscore OWNER TO "Terobau69";

--
-- Name: resumes_similarityscore_id_seq; Type: SEQUENCE; Schema: public; Owner: Terobau69
--

ALTER TABLE public.resumes_similarityscore ALTER COLUMN id ADD GENERATED BY DEFAULT AS IDENTITY (
    SEQUENCE NAME public.resumes_similarityscore_id_seq
    START WITH 1
    INCREMENT BY 1
    NO MINVALUE
    NO MAXVALUE
    CACHE 1
);


--
-- Data for Name: accounts_candidateprofile; Type: TABLE DATA; Schema: public; Owner: Terobau69
--

COPY public.accounts_candidateprofile (id, phone_number, user_id) FROM stdin;
1	123123123	5
2		6
3	+61412345678	7
4	01231312342	9
5	+61412345678	11
\.


--
-- Data for Name: accounts_companyprofile; Type: TABLE DATA; Schema: public; Owner: Terobau69
--

COPY public.accounts_companyprofile (id, phone_number, user_id, company_name) FROM stdin;
1	+61487654321	8	TechCorp
2	+61487654321	10	TechCorp
3	+61487654321	12	TechCorp
\.


--
-- Data for Name: accounts_customuser; Type: TABLE DATA; Schema: public; Owner: postgres
--

COPY public.accounts_customuser (id, password, last_login, is_superuser, first_name, last_name, is_staff, is_active, date_joined, email, role) FROM stdin;
1	pbkdf2_sha256$600000$ECszSuf14eC8goVG0EXHJb$P01utNP0CvFPY/GUVpYcP71g5A17W02CxuOwK0hC/qk=	\N	t			t	t	2025-05-28 09:42:05.063971+10	admin@gmail.com	admin
3	pbkdf2_sha256$600000$yv6wcb893xwEy63dJJUwy0$1jqfu1mt6dddo6K6y18GE9Iuuz2RWwG/TFPwrDaXQO8=	\N	f	sakar	karki	f	t	2025-05-28 14:49:52.439718+10	sakar.sasuke@gmail.com	candidate
4	pbkdf2_sha256$600000$eM8sHfFffOlldhNKundfYU$VuZupet33eUHxnFTFuYNOCrqffkYRHAzFQsz3ADEWV4=	\N	f	test	test	f	t	2025-05-29 12:13:17.958677+10	test1@gmail.com	candidate
5	pbkdf2_sha256$600000$UP0jgVBufcw6cnXePjSUHX$VRg67UsSVmkOGG6SNbXthRKZIo0W8C08cW+c1SKWZH4=	\N	f	Sakar	Karki	f	t	2025-05-29 15:11:29.202361+10	candidate@gmail.com	candidate
2	pbkdf2_sha256$600000$tflT5CD574DXGVGc3x5y6c$/lI7sP9Y8vgpCPnnE7CrfTCfrkrdlDZg2tQ1eLs2x1c=	2025-05-29 15:11:53.704859+10	f	test	test	f	t	2025-05-28 11:25:23.361407+10	test@gmail.com	candidate
6	pbkdf2_sha256$600000$9ElEA8t47MXO22Ltz3xmyB$BgQyWzSdq9nyVc5J9WCNN8JX5HI5caU2fgvJpGgEe3Y=	\N	f			f	t	2025-05-29 23:10:55.519069+10	testing@gmail.com	candidate
8	pbkdf2_sha256$600000$Rzqe6DSrVz5fKlW4pcm6TH$8Jj7whNCeUibIecD9G03pF4LSX4EVbeqBXXb7g671EY=	\N	f			f	t	2025-05-29 23:31:53.916318+10	hr@corp.com	company
9	pbkdf2_sha256$600000$W1cy4we8OFo3rHZkjka0eU$151NW8Rt+zkm4xsl1hnc1C42lhadHp2Gec1IyLNH8yc=	2025-05-29 23:38:48.522065+10	f	test	abc	f	t	2025-05-29 23:38:34.975759+10	testabc@gmail.com	candidate
7	pbkdf2_sha256$600000$MZowankMsBljWhKKnCTmxX$/nDtueHIyMcLlS2Cz6kTnlvwEuvFkYHjsTc4pB/FiNY=	2025-05-30 00:16:42.669699+10	f	John	Doe	f	t	2025-05-29 23:31:24.430723+10	john@example.com	candidate
10	pbkdf2_sha256$600000$Wa2PfKPcl5m9dDRxp9Lvfv$t/AbvCEdwqhNhumqyMUTd5k7ryBljerWNB1StDPsxXg=	\N	f			f	t	2025-05-30 00:32:11.429486+10	test@corp.com	company
11	pbkdf2_sha256$600000$DEMf8GpbMndmQaUSqoP7qx$Gi1PcevDaPX//NzOxtP+sSivj1t/JLo0TH7zmetslQ4=	\N	f	John	Doe	f	t	2025-05-30 00:34:16.323807+10	test@example.com	candidate
12	pbkdf2_sha256$600000$SDlK6JxoZCr7ScWrFYF2fk$6aKmRisBhJe1ttB5QYp/cqQa2YWXP+BttSg9vVsGXKs=	\N	f			f	t	2025-05-30 01:45:56.196369+10	test1@corp.com	company
\.


--
-- Data for Name: accounts_customuser_groups; Type: TABLE DATA; Schema: public; Owner: postgres
--

COPY public.accounts_customuser_groups (id, customuser_id, group_id) FROM stdin;
\.


--
-- Data for Name: accounts_customuser_user_permissions; Type: TABLE DATA; Schema: public; Owner: postgres
--

COPY public.accounts_customuser_user_permissions (id, customuser_id, permission_id) FROM stdin;
\.


--
-- Data for Name: auth_group; Type: TABLE DATA; Schema: public; Owner: postgres
--

COPY public.auth_group (id, name) FROM stdin;
\.


--
-- Data for Name: auth_group_permissions; Type: TABLE DATA; Schema: public; Owner: postgres
--

COPY public.auth_group_permissions (id, group_id, permission_id) FROM stdin;
\.


--
-- Data for Name: auth_permission; Type: TABLE DATA; Schema: public; Owner: postgres
--

COPY public.auth_permission (id, name, content_type_id, codename) FROM stdin;
1	Can add log entry	1	add_logentry
2	Can change log entry	1	change_logentry
3	Can delete log entry	1	delete_logentry
4	Can view log entry	1	view_logentry
5	Can add permission	2	add_permission
6	Can change permission	2	change_permission
7	Can delete permission	2	delete_permission
8	Can view permission	2	view_permission
9	Can add group	3	add_group
10	Can change group	3	change_group
11	Can delete group	3	delete_group
12	Can view group	3	view_group
13	Can add content type	4	add_contenttype
14	Can change content type	4	change_contenttype
15	Can delete content type	4	delete_contenttype
16	Can view content type	4	view_contenttype
17	Can add session	5	add_session
18	Can change session	5	change_session
19	Can delete session	5	delete_session
20	Can view session	5	view_session
21	Can add user	6	add_customuser
22	Can change user	6	change_customuser
23	Can delete user	6	delete_customuser
24	Can view user	6	view_customuser
25	Can add job description	7	add_jobdescription
26	Can change job description	7	change_jobdescription
27	Can delete job description	7	delete_jobdescription
28	Can view job description	7	view_jobdescription
29	Can add resume	8	add_resume
30	Can change resume	8	change_resume
31	Can delete resume	8	delete_resume
32	Can view resume	8	view_resume
33	Can add similarity score	9	add_similarityscore
34	Can change similarity score	9	change_similarityscore
35	Can delete similarity score	9	delete_similarityscore
36	Can view similarity score	9	view_similarityscore
37	Can add match result	10	add_matchresult
38	Can change match result	10	change_matchresult
39	Can delete match result	10	delete_matchresult
40	Can view match result	10	view_matchresult
41	Can add company profile	11	add_companyprofile
42	Can change company profile	11	change_companyprofile
43	Can delete company profile	11	delete_companyprofile
44	Can view company profile	11	view_companyprofile
45	Can add candidate profile	12	add_candidateprofile
46	Can change candidate profile	12	change_candidateprofile
47	Can delete candidate profile	12	delete_candidateprofile
48	Can view candidate profile	12	view_candidateprofile
\.


--
-- Data for Name: django_admin_log; Type: TABLE DATA; Schema: public; Owner: postgres
--

COPY public.django_admin_log (id, action_time, object_id, object_repr, action_flag, change_message, content_type_id, user_id) FROM stdin;
\.


--
-- Data for Name: django_content_type; Type: TABLE DATA; Schema: public; Owner: postgres
--

COPY public.django_content_type (id, app_label, model) FROM stdin;
1	admin	logentry
2	auth	permission
3	auth	group
4	contenttypes	contenttype
5	sessions	session
6	accounts	customuser
7	resumes	jobdescription
8	resumes	resume
9	resumes	similarityscore
10	matcher	matchresult
11	accounts	companyprofile
12	accounts	candidateprofile
\.


--
-- Data for Name: django_migrations; Type: TABLE DATA; Schema: public; Owner: postgres
--

COPY public.django_migrations (id, app, name, applied) FROM stdin;
1	contenttypes	0001_initial	2025-05-27 21:30:26.437318+10
2	contenttypes	0002_remove_content_type_name	2025-05-27 21:30:26.473747+10
3	auth	0001_initial	2025-05-27 21:30:26.670239+10
4	auth	0002_alter_permission_name_max_length	2025-05-27 21:30:26.677867+10
5	auth	0003_alter_user_email_max_length	2025-05-27 21:30:26.682542+10
6	auth	0004_alter_user_username_opts	2025-05-27 21:30:26.68856+10
7	auth	0005_alter_user_last_login_null	2025-05-27 21:30:26.694159+10
8	auth	0006_require_contenttypes_0002	2025-05-27 21:30:26.695569+10
9	auth	0007_alter_validators_add_error_messages	2025-05-27 21:30:26.699203+10
10	auth	0008_alter_user_username_max_length	2025-05-27 21:30:26.703605+10
11	auth	0009_alter_user_last_name_max_length	2025-05-27 21:30:26.709624+10
12	auth	0010_alter_group_name_max_length	2025-05-27 21:30:26.714856+10
13	auth	0011_update_proxy_permissions	2025-05-27 21:30:26.717803+10
14	auth	0012_alter_user_first_name_max_length	2025-05-27 21:30:26.721301+10
15	accounts	0001_initial	2025-05-27 21:30:26.858695+10
16	admin	0001_initial	2025-05-27 21:30:26.880492+10
17	admin	0002_logentry_remove_auto_add	2025-05-27 21:30:26.887603+10
18	admin	0003_logentry_add_action_flag_choices	2025-05-27 21:30:26.89596+10
21	sessions	0001_initial	2025-05-27 21:30:26.977152+10
24	accounts	0002_remove_customuser_company_name_and_more	2025-05-29 14:32:32.048201+10
28	accounts	0003_remove_candidateprofile_education_and_more	2025-05-29 23:09:10.795633+10
29	accounts	0004_companyprofile_company_name_and_more	2025-05-29 23:29:26.911634+10
\.


--
-- Data for Name: django_session; Type: TABLE DATA; Schema: public; Owner: postgres
--

COPY public.django_session (session_key, session_data, expire_date) FROM stdin;
\.


--
-- Data for Name: matcher_matchresult; Type: TABLE DATA; Schema: public; Owner: Terobau69
--

COPY public.matcher_matchresult (id, score, created_at, job_description_id, resume_id) FROM stdin;
\.


--
-- Data for Name: resumes_jobdescription; Type: TABLE DATA; Schema: public; Owner: postgres
--

COPY public.resumes_jobdescription (id, file, uploaded_at, user_id, company_name, experience_level, extracted_text, is_active, job_type, location, required_skills, title, original_filename) FROM stdin;
5	jds/samplejd_gqRjzG2.pdf	2025-05-28 10:42:08.275523+10	1	Tech Corp	MID	Example job description\nJob title Team Leader\nThis section gives the\napplicant an idea of Team Inbound Contact Centre, Wellington\nwhere the job fits within\nthe organisation and who Reports to Customer Service Manager\nthey can expect to work\nand liaise with. Direct reports Contact Centre Operator team\nKey relationships\ninternal: Marketing Manager, Operations Manager\nexternal: customers\nThis section states the Role purpose\nfunction of the job.\nThe Inbound Contact Centre Team Leader manages and leads a team\n» You want to answer\nthe question ‘Why does to ensure that customer services meet client needs as well as the\nthis position exist?’ standards of a national service delivery model.\nKey responsibilities Deliverables/outcomes\nTeam leadership • ensure team members have\nindividual performance plans\nThis section establishes an\nunderstanding between • monitor team performance and\nyou and your future conduct regular appraisals\nemployee about what\nyou expect of them. • manage training and development of\n» Setting out deliverables team members.\nor outcomes means\nthat key responsibilities Customer service • ensure team members understand\nare realistically customer needs and deliver the\nachievable and expected outcomes\naccomplishments can\nbe measured. • regularly review work processes for\n» This part of the job areas of improvement.\ndescription often forms\nthe foundation of a Operational management • develop team programmes that\nperformance support the organisation’s business\nassessment document.\nstrategy\n» Different organisations\nmay use different • monitor and report on progress\nnames for Key\ntowards achievement of plans and\nresponsibilities eg,\nstrategies\ntasks, duties,\ncompetencies, success • foster a customer-focused working\nindicators.\nenvironment, with clear responsibilities\nand expectations for team members.\nRelationship management • develop and maintain collaborative\nrelationships with key clients\n• establish and maintain active and\nconstructive relationships with other\nteams in the organisation.\nHealth and safety • ensure staff are informed of and\ntrained in safe practices and\nprocedures in their specific areas of\nwork.\ndownloaded from www.careers.govt.nz, February 2013\nExample job description\nThis section sets out the Person specification\nexperience,\ncharacteristics and Essential skills:\ncompetencies you think\n• at least 2 years’ experience managing a customer service team\nan applicant should have\nin order to perform the • strong motivational and empowerment skills\nrole and fit into the\norganisation. • strong communication skills\n» Remember that skills • strong relationship management skills.\nare not the only thing\nthat makes someone\nEssential attributes:\nthe right employee.\nSkills can be learned, • possesses managerial courage\nbut a person’s\nattributes – that make • takes initiative\nthem fit in and work • works well with all kinds of people\nwell with the others in\nthe organisation – • remains calm under pressure.\ncan’t be learned.\ndownloaded from www.careers.govt.nz, February 2013	f	FULL_TIME	New York	Python,Django,React	Software Engineer	
1	jds/samplejd_p16iOjd.pdf	2025-05-28 09:42:34.258716+10	1	\N	\N	Example job description\nJob title Team Leader\nThis section gives the\napplicant an idea of Team Inbound Contact Centre, Wellington\nwhere the job fits within\nthe organisation and who Reports to Customer Service Manager\nthey can expect to work\nand liaise with. Direct reports Contact Centre Operator team\nKey relationships\ninternal: Marketing Manager, Operations Manager\nexternal: customers\nThis section states the Role purpose\nfunction of the job.\nThe Inbound Contact Centre Team Leader manages and leads a team\n» You want to answer\nthe question ‘Why does to ensure that customer services meet client needs as well as the\nthis position exist?’ standards of a national service delivery model.\nKey responsibilities Deliverables/outcomes\nTeam leadership • ensure team members have\nindividual performance plans\nThis section establishes an\nunderstanding between • monitor team performance and\nyou and your future conduct regular appraisals\nemployee about what\nyou expect of them. • manage training and development of\n» Setting out deliverables team members.\nor outcomes means\nthat key responsibilities Customer service • ensure team members understand\nare realistically customer needs and deliver the\nachievable and expected outcomes\naccomplishments can\nbe measured. • regularly review work processes for\n» This part of the job areas of improvement.\ndescription often forms\nthe foundation of a Operational management • develop team programmes that\nperformance support the organisation’s business\nassessment document.\nstrategy\n» Different organisations\nmay use different • monitor and report on progress\nnames for Key\ntowards achievement of plans and\nresponsibilities eg,\nstrategies\ntasks, duties,\ncompetencies, success • foster a customer-focused working\nindicators.\nenvironment, with clear responsibilities\nand expectations for team members.\nRelationship management • develop and maintain collaborative\nrelationships with key clients\n• establish and maintain active and\nconstructive relationships with other\nteams in the organisation.\nHealth and safety • ensure staff are informed of and\ntrained in safe practices and\nprocedures in their specific areas of\nwork.\ndownloaded from www.careers.govt.nz, February 2013\nExample job description\nThis section sets out the Person specification\nexperience,\ncharacteristics and Essential skills:\ncompetencies you think\n• at least 2 years’ experience managing a customer service team\nan applicant should have\nin order to perform the • strong motivational and empowerment skills\nrole and fit into the\norganisation. • strong communication skills\n» Remember that skills • strong relationship management skills.\nare not the only thing\nthat makes someone\nEssential attributes:\nthe right employee.\nSkills can be learned, • possesses managerial courage\nbut a person’s\nattributes – that make • takes initiative\nthem fit in and work • works well with all kinds of people\nwell with the others in\nthe organisation – • remains calm under pressure.\ncan’t be learned.\ndownloaded from www.careers.govt.nz, February 2013	t	\N	\N	\N	\N	
2	jds/samplejd_1g3JjX9.pdf	2025-05-28 09:45:44.057724+10	1	\N	\N	Example job description\nJob title Team Leader\nThis section gives the\napplicant an idea of Team Inbound Contact Centre, Wellington\nwhere the job fits within\nthe organisation and who Reports to Customer Service Manager\nthey can expect to work\nand liaise with. Direct reports Contact Centre Operator team\nKey relationships\ninternal: Marketing Manager, Operations Manager\nexternal: customers\nThis section states the Role purpose\nfunction of the job.\nThe Inbound Contact Centre Team Leader manages and leads a team\n» You want to answer\nthe question ‘Why does to ensure that customer services meet client needs as well as the\nthis position exist?’ standards of a national service delivery model.\nKey responsibilities Deliverables/outcomes\nTeam leadership • ensure team members have\nindividual performance plans\nThis section establishes an\nunderstanding between • monitor team performance and\nyou and your future conduct regular appraisals\nemployee about what\nyou expect of them. • manage training and development of\n» Setting out deliverables team members.\nor outcomes means\nthat key responsibilities Customer service • ensure team members understand\nare realistically customer needs and deliver the\nachievable and expected outcomes\naccomplishments can\nbe measured. • regularly review work processes for\n» This part of the job areas of improvement.\ndescription often forms\nthe foundation of a Operational management • develop team programmes that\nperformance support the organisation’s business\nassessment document.\nstrategy\n» Different organisations\nmay use different • monitor and report on progress\nnames for Key\ntowards achievement of plans and\nresponsibilities eg,\nstrategies\ntasks, duties,\ncompetencies, success • foster a customer-focused working\nindicators.\nenvironment, with clear responsibilities\nand expectations for team members.\nRelationship management • develop and maintain collaborative\nrelationships with key clients\n• establish and maintain active and\nconstructive relationships with other\nteams in the organisation.\nHealth and safety • ensure staff are informed of and\ntrained in safe practices and\nprocedures in their specific areas of\nwork.\ndownloaded from www.careers.govt.nz, February 2013\nExample job description\nThis section sets out the Person specification\nexperience,\ncharacteristics and Essential skills:\ncompetencies you think\n• at least 2 years’ experience managing a customer service team\nan applicant should have\nin order to perform the • strong motivational and empowerment skills\nrole and fit into the\norganisation. • strong communication skills\n» Remember that skills • strong relationship management skills.\nare not the only thing\nthat makes someone\nEssential attributes:\nthe right employee.\nSkills can be learned, • possesses managerial courage\nbut a person’s\nattributes – that make • takes initiative\nthem fit in and work • works well with all kinds of people\nwell with the others in\nthe organisation – • remains calm under pressure.\ncan’t be learned.\ndownloaded from www.careers.govt.nz, February 2013	t	\N	\N	\N	\N	
3	jds/samplejd_H2Q8ZEE.pdf	2025-05-28 09:45:46.10824+10	1	\N	\N	Example job description\nJob title Team Leader\nThis section gives the\napplicant an idea of Team Inbound Contact Centre, Wellington\nwhere the job fits within\nthe organisation and who Reports to Customer Service Manager\nthey can expect to work\nand liaise with. Direct reports Contact Centre Operator team\nKey relationships\ninternal: Marketing Manager, Operations Manager\nexternal: customers\nThis section states the Role purpose\nfunction of the job.\nThe Inbound Contact Centre Team Leader manages and leads a team\n» You want to answer\nthe question ‘Why does to ensure that customer services meet client needs as well as the\nthis position exist?’ standards of a national service delivery model.\nKey responsibilities Deliverables/outcomes\nTeam leadership • ensure team members have\nindividual performance plans\nThis section establishes an\nunderstanding between • monitor team performance and\nyou and your future conduct regular appraisals\nemployee about what\nyou expect of them. • manage training and development of\n» Setting out deliverables team members.\nor outcomes means\nthat key responsibilities Customer service • ensure team members understand\nare realistically customer needs and deliver the\nachievable and expected outcomes\naccomplishments can\nbe measured. • regularly review work processes for\n» This part of the job areas of improvement.\ndescription often forms\nthe foundation of a Operational management • develop team programmes that\nperformance support the organisation’s business\nassessment document.\nstrategy\n» Different organisations\nmay use different • monitor and report on progress\nnames for Key\ntowards achievement of plans and\nresponsibilities eg,\nstrategies\ntasks, duties,\ncompetencies, success • foster a customer-focused working\nindicators.\nenvironment, with clear responsibilities\nand expectations for team members.\nRelationship management • develop and maintain collaborative\nrelationships with key clients\n• establish and maintain active and\nconstructive relationships with other\nteams in the organisation.\nHealth and safety • ensure staff are informed of and\ntrained in safe practices and\nprocedures in their specific areas of\nwork.\ndownloaded from www.careers.govt.nz, February 2013\nExample job description\nThis section sets out the Person specification\nexperience,\ncharacteristics and Essential skills:\ncompetencies you think\n• at least 2 years’ experience managing a customer service team\nan applicant should have\nin order to perform the • strong motivational and empowerment skills\nrole and fit into the\norganisation. • strong communication skills\n» Remember that skills • strong relationship management skills.\nare not the only thing\nthat makes someone\nEssential attributes:\nthe right employee.\nSkills can be learned, • possesses managerial courage\nbut a person’s\nattributes – that make • takes initiative\nthem fit in and work • works well with all kinds of people\nwell with the others in\nthe organisation – • remains calm under pressure.\ncan’t be learned.\ndownloaded from www.careers.govt.nz, February 2013	t	\N	\N	\N	\N	
4	jds/samplejd_0fUL6Iz.pdf	2025-05-28 09:51:44.313884+10	1	\N	\N	Example job description\nJob title Team Leader\nThis section gives the\napplicant an idea of Team Inbound Contact Centre, Wellington\nwhere the job fits within\nthe organisation and who Reports to Customer Service Manager\nthey can expect to work\nand liaise with. Direct reports Contact Centre Operator team\nKey relationships\ninternal: Marketing Manager, Operations Manager\nexternal: customers\nThis section states the Role purpose\nfunction of the job.\nThe Inbound Contact Centre Team Leader manages and leads a team\n» You want to answer\nthe question ‘Why does to ensure that customer services meet client needs as well as the\nthis position exist?’ standards of a national service delivery model.\nKey responsibilities Deliverables/outcomes\nTeam leadership • ensure team members have\nindividual performance plans\nThis section establishes an\nunderstanding between • monitor team performance and\nyou and your future conduct regular appraisals\nemployee about what\nyou expect of them. • manage training and development of\n» Setting out deliverables team members.\nor outcomes means\nthat key responsibilities Customer service • ensure team members understand\nare realistically customer needs and deliver the\nachievable and expected outcomes\naccomplishments can\nbe measured. • regularly review work processes for\n» This part of the job areas of improvement.\ndescription often forms\nthe foundation of a Operational management • develop team programmes that\nperformance support the organisation’s business\nassessment document.\nstrategy\n» Different organisations\nmay use different • monitor and report on progress\nnames for Key\ntowards achievement of plans and\nresponsibilities eg,\nstrategies\ntasks, duties,\ncompetencies, success • foster a customer-focused working\nindicators.\nenvironment, with clear responsibilities\nand expectations for team members.\nRelationship management • develop and maintain collaborative\nrelationships with key clients\n• establish and maintain active and\nconstructive relationships with other\nteams in the organisation.\nHealth and safety • ensure staff are informed of and\ntrained in safe practices and\nprocedures in their specific areas of\nwork.\ndownloaded from www.careers.govt.nz, February 2013\nExample job description\nThis section sets out the Person specification\nexperience,\ncharacteristics and Essential skills:\ncompetencies you think\n• at least 2 years’ experience managing a customer service team\nan applicant should have\nin order to perform the • strong motivational and empowerment skills\nrole and fit into the\norganisation. • strong communication skills\n» Remember that skills • strong relationship management skills.\nare not the only thing\nthat makes someone\nEssential attributes:\nthe right employee.\nSkills can be learned, • possesses managerial courage\nbut a person’s\nattributes – that make • takes initiative\nthem fit in and work • works well with all kinds of people\nwell with the others in\nthe organisation – • remains calm under pressure.\ncan’t be learned.\ndownloaded from www.careers.govt.nz, February 2013	t	\N	\N	\N	\N	
7	jds/10/20250529_144121.pdf	2025-05-30 00:41:21.805378+10	10	Tech Corp	MID	example j ob description downloaded from www.careers.govt.nz february 2013 this section gives the applicant an idea of where the job fits within the organisation and who they can expect to work and liaise with. job title team leader team inbound contact centre wellington reports to customer service manager direct reports contact centre operator team key relationships internal marketing manager operations manager external customers this section states the function of the job.  you want to answer the question why does this position exist role purpose the inbound contact centre team leader m anages and leads a team to ensure that customer services meet client needs as well as the standard s of a national service delivery model . this section establishes an understanding between you and your future employee about what you expect of them.  setting out deliverables or outcomes means that key responsibilities are realistically achievable and accomplishments can be measured.  this part of the job description often forms the foundation of a performance assessment document.  different organisations may use different names for key responsibilities eg tasks duties competencies success indicators. key responsibilities deliverablesout comes team leadership  ensure team members have individual performance plans  monitor team performance and conduct regular appraisals  manage training and development of team members . customer service  ensure team members understand customer needs and deliver the expected outcomes  regularly review work processes for areas of improvement . operational management  develop team programmes that support the organisations business strategy  monitor and report on progress towards achievement of plans and strategies  foster a customer focused working environment with clear responsibilities and expectations for team members . relationship management  develop and maintain collaborative relationships with key clients  establish and maintain active and constructive relationships with other teams in the organisation . health and safety  ensure staff are informed of and trained in safe practices and procedures in their specific areas of work . example j ob description downloaded from www.careers.govt.nz february 2013 this section sets out the experience characteristics and competencies you think an applicant should have in order to perform the role and fit into the organisation.  remember that skills are not the only thing that makes someone the right employee. skills can be learned but a persons attributes  that make them fit in and work well with the others in the organisation  cant be learned. person specification essentia l skills  at least 2 years experience managing a customer service team  strong motivational and empowerment skills  strong communication skills  strong relationship management skills . essential attributes  possesses managerial courage  takes initiative  works well with all kinds of people  remains calm under pressure .	f	FULL_TIME	New York	Python,Django,React	Software Engineer	samplejd.pdf
\.


--
-- Data for Name: resumes_resume; Type: TABLE DATA; Schema: public; Owner: postgres
--

COPY public.resumes_resume (id, file, uploaded_at, user_id, extracted_text, original_filename) FROM stdin;
1	resumes/Sakar_Resume_ooAMkr0.pdf	2025-05-28 09:42:25.849216+10	1	\N	
3	resumes/Sakar_Resume_IUb71Hq.pdf	2025-05-28 09:47:41.448202+10	1	\N	
4	resumes/Sakar_Resume_7L8Rkey.pdf	2025-05-28 09:49:29.587879+10	1	\N	
5	resumes/Sakar_Resume.pdf	2025-05-28 10:43:26.298626+10	1	Sakar Karki\nMelbourne, Victoria | +61 434 489 088 | sakarkarki01@gmail.com | LinkedIn | GitHub\nEducation\nBachelor of Information Technology Victoria University\nMajor: Web and Mobile Application Development | Minor: Networking Technologies August 2022 – June 2025\nRelevant Coursework:\nProgramming Languages: Python, Java, Kotlin | Web Development: HTML, CSS | Cloud Computing: Amazon AWS |\nNetworking: Cisco Networking, Virtualization | Cybersecurity & Ethics\nWork Experience\nAHS Hospitality Pullman on the Park, Melbourne\nHousekeeping Supervisor Oct 2023 – Present\n• Managed daily team operations, ensuring high standards of service and cleanliness.\n• Coordinated with departments to resolve issues and improve workflow efficiency.\nParamount Kleen Group The Kinson, St Kilda Road, Melbourne\nHousekeeping Supervisor Sep 2022 – Jun2023\n• Promoted due to exceptional attention to detail, leadership, and time management.\n• Managed room assignments and inventory, ensuring high-quality standards and efficiency.\n• Acted as liaison between management and staff for smooth operations.\nInternships\nCPT Global Docklands, Victoria\nStudent Intern Nov 2023 – Feb 2024 and Jun 2024 – Aug 2024\n• Led the design and development of a new SharePoint site, replacing the outdated intranet to improve\ninternal communication and user experience.\n• Strategized and implemented content migration to ensure a user-friendly, intuitive interface for employees.\n• Developed a SharePoint site tailored for executives, streamlining the monthly reporting process with custom\ndocument libraries.\n• Automated workflows using Microsoft Flow to improve document tracking and approval processes.\nStartup Shakeup Melbourne, Victoria\nStudent Intern Dec 2022 – Apr 2023\n• Designed a database management system using Microsoft Excel and VBA, incorporating secure login and\ninteractive dashboard features.\n• Consolidated thousands of data points into a unified database, significantly improving data accessibility and\nmanagement.\n• Automated data manipulation processes, enabling easy bulk addition, deletion, and modification of records.\nTechnical Skills\n• Database Management: MySQL, Excel (VBA)\n• Programming Languages: Python, Java, Kotlin,\n• Cloud Computing & Hosting: Amazon AWS,\nHTML, CSS\nMicrosoft Azure\n• Web Development & Design: SharePoint, Canva\n• Networking: Cisco, TCP/IP, DNS, DHCP\n• Mobile App Development: Kotlin\nSoft Skills\n• Time Management &\n• Problem-Solving & • Attention to Detail • Strong Communication\nMultitasking\nAnalytical Thinking • Leadership & Initiative & Teamwork\n• Adaptability & Quick\n• Strong Communication • Project Management & • Time Management &\nLearning\n& Teamwork Task Delegation Multitasking\n• Time Management & • Customer Service & • Adaptability & Quick\nMultitasking Support Learning	
2	resumes/Sakar_Resume.pdf	2025-05-28 09:45:53.973779+10	1	Sakar Karki\nMelbourne, Victoria | +61 434 489 088 | sakarkarki01@gmail.com | LinkedIn | GitHub\nEducation\nBachelor of Information Technology Victoria University\nMajor: Web and Mobile Application Development | Minor: Networking Technologies August 2022 – June 2025\nRelevant Coursework:\nProgramming Languages: Python, Java, Kotlin | Web Development: HTML, CSS | Cloud Computing: Amazon AWS |\nNetworking: Cisco Networking, Virtualization | Cybersecurity & Ethics\nWork Experience\nAHS Hospitality Pullman on the Park, Melbourne\nHousekeeping Supervisor Oct 2023 – Present\n• Managed daily team operations, ensuring high standards of service and cleanliness.\n• Coordinated with departments to resolve issues and improve workflow efficiency.\nParamount Kleen Group The Kinson, St Kilda Road, Melbourne\nHousekeeping Supervisor Sep 2022 – Jun2023\n• Promoted due to exceptional attention to detail, leadership, and time management.\n• Managed room assignments and inventory, ensuring high-quality standards and efficiency.\n• Acted as liaison between management and staff for smooth operations.\nInternships\nCPT Global Docklands, Victoria\nStudent Intern Nov 2023 – Feb 2024 and Jun 2024 – Aug 2024\n• Led the design and development of a new SharePoint site, replacing the outdated intranet to improve\ninternal communication and user experience.\n• Strategized and implemented content migration to ensure a user-friendly, intuitive interface for employees.\n• Developed a SharePoint site tailored for executives, streamlining the monthly reporting process with custom\ndocument libraries.\n• Automated workflows using Microsoft Flow to improve document tracking and approval processes.\nStartup Shakeup Melbourne, Victoria\nStudent Intern Dec 2022 – Apr 2023\n• Designed a database management system using Microsoft Excel and VBA, incorporating secure login and\ninteractive dashboard features.\n• Consolidated thousands of data points into a unified database, significantly improving data accessibility and\nmanagement.\n• Automated data manipulation processes, enabling easy bulk addition, deletion, and modification of records.\nTechnical Skills\n• Database Management: MySQL, Excel (VBA)\n• Programming Languages: Python, Java, Kotlin,\n• Cloud Computing & Hosting: Amazon AWS,\nHTML, CSS\nMicrosoft Azure\n• Web Development & Design: SharePoint, Canva\n• Networking: Cisco, TCP/IP, DNS, DHCP\n• Mobile App Development: Kotlin\nSoft Skills\n• Time Management &\n• Problem-Solving & • Attention to Detail • Strong Communication\nMultitasking\nAnalytical Thinking • Leadership & Initiative & Teamwork\n• Adaptability & Quick\n• Strong Communication • Project Management & • Time Management &\nLearning\n& Teamwork Task Delegation Multitasking\n• Time Management & • Customer Service & • Adaptability & Quick\nMultitasking Support Learning	
7	resumes/11/20250529_144131.pdf	2025-05-30 00:41:31.598953+10	11	sakar karki melbourne victoria  61 434 489 088  sakarkarki01gmail.com  linkedin  github education bachelor of information technology victoria university major web and mobile application development  minor networking technologies august 2022  june 2025 relevant coursework programming languages python java kotlin  web development html css  cloud computing amazon aws  networking cisco networking virtualization  cybersecurity  ethics work experience ahs hospitality pullman on the park melbourne housekeeping supervisor oct 2023  present  managed daily team operations ensuring high standards of service and cleanliness.  coordinated with departments to resolve issues and improve workflow efficiency. paramount kleen group the kinson st kilda road melbourne housekeeping supervisor sep 2022  jun2023  promoted due to exceptional attention to detail leadership and time management.  managed room assignments and inventory ensuring high quality standards and efficiency.  acted as liaison between management and staff for smooth operations. internships cpt global docklands victoria student intern nov 2023  feb 2024 and jun 2024  aug 2024  led the design and development of a new sharepoint site replacing the outdated intranet to improve internal communication and user experience.  strategized and implemented content migration to ensure a user friendly intuitive interface for employees.  developed a sharepoint site tailored for executives streamlining the monthly reporting process with custom document libraries.  automated workflows using microsoft flow to improve document tracking and approval processes. startup shakeup melbourne victoria student intern dec 2022  apr 2023  designed a database management system using microsoft excel and vba incorporating secure login and interactive dashboard features.  consolidated thousands of data points into a unified database significantly improving data accessibility and management.  automated data manipulation processes enabling easy bulk addition deletion and modification of records. technical skills  programming languages python java kotlin html css  web development  design sharepoint  canva  mobile app development kotlin  database management  mysql excel vba  cloud computing  hosting amazon aws microsoft azure  networking  cisco tcpip dns dhcp soft skills  problem solving  analytical thinking  strong communication  teamwork  time management  multitasking  attention to detail  leadership  initiative  project management  task delegation  customer service  support  strong communication  teamwork  time management  multitasking  adaptability  quick learning  time management  multitasking  adaptability  quick learning	Sakar Resume.pdf
\.


--
-- Data for Name: resumes_similarityscore; Type: TABLE DATA; Schema: public; Owner: Terobau69
--

COPY public.resumes_similarityscore (id, score, created_at, job_description_id, resume_id) FROM stdin;
1	0.4084196984767914	2025-05-28 11:05:25.261849+10	1	5
2	0.4084196984767914	2025-05-28 11:05:25.355085+10	2	5
3	0.4084196984767914	2025-05-28 11:05:25.441213+10	3	5
4	0.4084196984767914	2025-05-28 11:05:25.524952+10	4	5
5	0.4084196984767914	2025-05-28 11:05:25.607024+10	1	2
6	0.4084196984767914	2025-05-28 11:05:25.6902+10	2	2
7	0.4084196984767914	2025-05-28 11:05:25.770931+10	3	2
8	0.4084196984767914	2025-05-28 11:05:25.86277+10	4	2
9	0.48221462965011597	2025-05-30 00:41:22.629439+10	7	5
10	0.48221455848956796	2025-05-30 00:41:22.643819+10	7	2
11	0.4707452654838562	2025-05-30 00:41:32.155925+10	1	7
12	0.47074525694542846	2025-05-30 00:41:32.158621+10	2	7
13	0.47074525694542846	2025-05-30 00:41:32.160978+10	3	7
14	0.47074525694542846	2025-05-30 00:41:32.162619+10	4	7
\.


--
-- Name: accounts_candidateprofile_id_seq; Type: SEQUENCE SET; Schema: public; Owner: Terobau69
--

SELECT pg_catalog.setval('public.accounts_candidateprofile_id_seq', 5, true);


--
-- Name: accounts_companyprofile_id_seq; Type: SEQUENCE SET; Schema: public; Owner: Terobau69
--

SELECT pg_catalog.setval('public.accounts_companyprofile_id_seq', 3, true);


--
-- Name: accounts_customuser_groups_id_seq; Type: SEQUENCE SET; Schema: public; Owner: postgres
--

SELECT pg_catalog.setval('public.accounts_customuser_groups_id_seq', 1, false);


--
-- Name: accounts_customuser_id_seq; Type: SEQUENCE SET; Schema: public; Owner: postgres
--

SELECT pg_catalog.setval('public.accounts_customuser_id_seq', 12, true);


--
-- Name: accounts_customuser_user_permissions_id_seq; Type: SEQUENCE SET; Schema: public; Owner: postgres
--

SELECT pg_catalog.setval('public.accounts_customuser_user_permissions_id_seq', 1, false);


--
-- Name: auth_group_id_seq; Type: SEQUENCE SET; Schema: public; Owner: postgres
--

SELECT pg_catalog.setval('public.auth_group_id_seq', 1, false);


--
-- Name: auth_group_permissions_id_seq; Type: SEQUENCE SET; Schema: public; Owner: postgres
--

SELECT pg_catalog.setval('public.auth_group_permissions_id_seq', 1, false);


--
-- Name: auth_permission_id_seq; Type: SEQUENCE SET; Schema: public; Owner: postgres
--

SELECT pg_catalog.setval('public.auth_permission_id_seq', 48, true);


--
-- Name: django_admin_log_id_seq; Type: SEQUENCE SET; Schema: public; Owner: postgres
--

SELECT pg_catalog.setval('public.django_admin_log_id_seq', 1, false);


--
-- Name: django_content_type_id_seq; Type: SEQUENCE SET; Schema: public; Owner: postgres
--

SELECT pg_catalog.setval('public.django_content_type_id_seq', 12, true);


--
-- Name: django_migrations_id_seq; Type: SEQUENCE SET; Schema: public; Owner: postgres
--

SELECT pg_catalog.setval('public.django_migrations_id_seq', 29, true);


--
-- Name: matcher_matchresult_id_seq; Type: SEQUENCE SET; Schema: public; Owner: Terobau69
--

SELECT pg_catalog.setval('public.matcher_matchresult_id_seq', 1, false);


--
-- Name: resumes_jobdescription_id_seq; Type: SEQUENCE SET; Schema: public; Owner: postgres
--

SELECT pg_catalog.setval('public.resumes_jobdescription_id_seq', 7, true);


--
-- Name: resumes_resume_id_seq; Type: SEQUENCE SET; Schema: public; Owner: postgres
--

SELECT pg_catalog.setval('public.resumes_resume_id_seq', 7, true);


--
-- Name: resumes_similarityscore_id_seq; Type: SEQUENCE SET; Schema: public; Owner: Terobau69
--

SELECT pg_catalog.setval('public.resumes_similarityscore_id_seq', 14, true);


--
-- Name: accounts_candidateprofile accounts_candidateprofile_pkey; Type: CONSTRAINT; Schema: public; Owner: Terobau69
--

ALTER TABLE ONLY public.accounts_candidateprofile
    ADD CONSTRAINT accounts_candidateprofile_pkey PRIMARY KEY (id);


--
-- Name: accounts_candidateprofile accounts_candidateprofile_user_id_key; Type: CONSTRAINT; Schema: public; Owner: Terobau69
--

ALTER TABLE ONLY public.accounts_candidateprofile
    ADD CONSTRAINT accounts_candidateprofile_user_id_key UNIQUE (user_id);


--
-- Name: accounts_companyprofile accounts_companyprofile_pkey; Type: CONSTRAINT; Schema: public; Owner: Terobau69
--

ALTER TABLE ONLY public.accounts_companyprofile
    ADD CONSTRAINT accounts_companyprofile_pkey PRIMARY KEY (id);


--
-- Name: accounts_companyprofile accounts_companyprofile_user_id_key; Type: CONSTRAINT; Schema: public; Owner: Terobau69
--

ALTER TABLE ONLY public.accounts_companyprofile
    ADD CONSTRAINT accounts_companyprofile_user_id_key UNIQUE (user_id);


--
-- Name: accounts_customuser accounts_customuser_email_key; Type: CONSTRAINT; Schema: public; Owner: postgres
--

ALTER TABLE ONLY public.accounts_customuser
    ADD CONSTRAINT accounts_customuser_email_key UNIQUE (email);


--
-- Name: accounts_customuser_groups accounts_customuser_groups_customuser_id_group_id_c074bdcb_uniq; Type: CONSTRAINT; Schema: public; Owner: postgres
--

ALTER TABLE ONLY public.accounts_customuser_groups
    ADD CONSTRAINT accounts_customuser_groups_customuser_id_group_id_c074bdcb_uniq UNIQUE (customuser_id, group_id);


--
-- Name: accounts_customuser_groups accounts_customuser_groups_pkey; Type: CONSTRAINT; Schema: public; Owner: postgres
--

ALTER TABLE ONLY public.accounts_customuser_groups
    ADD CONSTRAINT accounts_customuser_groups_pkey PRIMARY KEY (id);


--
-- Name: accounts_customuser accounts_customuser_pkey; Type: CONSTRAINT; Schema: public; Owner: postgres
--

ALTER TABLE ONLY public.accounts_customuser
    ADD CONSTRAINT accounts_customuser_pkey PRIMARY KEY (id);


--
-- Name: accounts_customuser_user_permissions accounts_customuser_user_customuser_id_permission_9632a709_uniq; Type: CONSTRAINT; Schema: public; Owner: postgres
--

ALTER TABLE ONLY public.accounts_customuser_user_permissions
    ADD CONSTRAINT accounts_customuser_user_customuser_id_permission_9632a709_uniq UNIQUE (customuser_id, permission_id);


--
-- Name: accounts_customuser_user_permissions accounts_customuser_user_permissions_pkey; Type: CONSTRAINT; Schema: public; Owner: postgres
--

ALTER TABLE ONLY public.accounts_customuser_user_permissions
    ADD CONSTRAINT accounts_customuser_user_permissions_pkey PRIMARY KEY (id);


--
-- Name: auth_group auth_group_name_key; Type: CONSTRAINT; Schema: public; Owner: postgres
--

ALTER TABLE ONLY public.auth_group
    ADD CONSTRAINT auth_group_name_key UNIQUE (name);


--
-- Name: auth_group_permissions auth_group_permissions_group_id_permission_id_0cd325b0_uniq; Type: CONSTRAINT; Schema: public; Owner: postgres
--

ALTER TABLE ONLY public.auth_group_permissions
    ADD CONSTRAINT auth_group_permissions_group_id_permission_id_0cd325b0_uniq UNIQUE (group_id, permission_id);


--
-- Name: auth_group_permissions auth_group_permissions_pkey; Type: CONSTRAINT; Schema: public; Owner: postgres
--

ALTER TABLE ONLY public.auth_group_permissions
    ADD CONSTRAINT auth_group_permissions_pkey PRIMARY KEY (id);


--
-- Name: auth_group auth_group_pkey; Type: CONSTRAINT; Schema: public; Owner: postgres
--

ALTER TABLE ONLY public.auth_group
    ADD CONSTRAINT auth_group_pkey PRIMARY KEY (id);


--
-- Name: auth_permission auth_permission_content_type_id_codename_01ab375a_uniq; Type: CONSTRAINT; Schema: public; Owner: postgres
--

ALTER TABLE ONLY public.auth_permission
    ADD CONSTRAINT auth_permission_content_type_id_codename_01ab375a_uniq UNIQUE (content_type_id, codename);


--
-- Name: auth_permission auth_permission_pkey; Type: CONSTRAINT; Schema: public; Owner: postgres
--

ALTER TABLE ONLY public.auth_permission
    ADD CONSTRAINT auth_permission_pkey PRIMARY KEY (id);


--
-- Name: django_admin_log django_admin_log_pkey; Type: CONSTRAINT; Schema: public; Owner: postgres
--

ALTER TABLE ONLY public.django_admin_log
    ADD CONSTRAINT django_admin_log_pkey PRIMARY KEY (id);


--
-- Name: django_content_type django_content_type_app_label_model_76bd3d3b_uniq; Type: CONSTRAINT; Schema: public; Owner: postgres
--

ALTER TABLE ONLY public.django_content_type
    ADD CONSTRAINT django_content_type_app_label_model_76bd3d3b_uniq UNIQUE (app_label, model);


--
-- Name: django_content_type django_content_type_pkey; Type: CONSTRAINT; Schema: public; Owner: postgres
--

ALTER TABLE ONLY public.django_content_type
    ADD CONSTRAINT django_content_type_pkey PRIMARY KEY (id);


--
-- Name: django_migrations django_migrations_pkey; Type: CONSTRAINT; Schema: public; Owner: postgres
--

ALTER TABLE ONLY public.django_migrations
    ADD CONSTRAINT django_migrations_pkey PRIMARY KEY (id);


--
-- Name: django_session django_session_pkey; Type: CONSTRAINT; Schema: public; Owner: postgres
--

ALTER TABLE ONLY public.django_session
    ADD CONSTRAINT django_session_pkey PRIMARY KEY (session_key);


--
-- Name: matcher_matchresult matcher_matchresult_pkey; Type: CONSTRAINT; Schema: public; Owner: Terobau69
--

ALTER TABLE ONLY public.matcher_matchresult
    ADD CONSTRAINT matcher_matchresult_pkey PRIMARY KEY (id);


--
-- Name: matcher_matchresult matcher_matchresult_resume_id_job_description_id_eac16684_uniq; Type: CONSTRAINT; Schema: public; Owner: Terobau69
--

ALTER TABLE ONLY public.matcher_matchresult
    ADD CONSTRAINT matcher_matchresult_resume_id_job_description_id_eac16684_uniq UNIQUE (resume_id, job_description_id);


--
-- Name: resumes_jobdescription resumes_jobdescription_pkey; Type: CONSTRAINT; Schema: public; Owner: postgres
--

ALTER TABLE ONLY public.resumes_jobdescription
    ADD CONSTRAINT resumes_jobdescription_pkey PRIMARY KEY (id);


--
-- Name: resumes_resume resumes_resume_pkey; Type: CONSTRAINT; Schema: public; Owner: postgres
--

ALTER TABLE ONLY public.resumes_resume
    ADD CONSTRAINT resumes_resume_pkey PRIMARY KEY (id);


--
-- Name: resumes_similarityscore resumes_similarityscore_pkey; Type: CONSTRAINT; Schema: public; Owner: Terobau69
--

ALTER TABLE ONLY public.resumes_similarityscore
    ADD CONSTRAINT resumes_similarityscore_pkey PRIMARY KEY (id);


--
-- Name: resumes_similarityscore resumes_similarityscore_resume_id_job_descriptio_e4c4a960_uniq; Type: CONSTRAINT; Schema: public; Owner: Terobau69
--

ALTER TABLE ONLY public.resumes_similarityscore
    ADD CONSTRAINT resumes_similarityscore_resume_id_job_descriptio_e4c4a960_uniq UNIQUE (resume_id, job_description_id);


--
-- Name: accounts_customuser_email_4fd8e7ce_like; Type: INDEX; Schema: public; Owner: postgres
--

CREATE INDEX accounts_customuser_email_4fd8e7ce_like ON public.accounts_customuser USING btree (email varchar_pattern_ops);


--
-- Name: accounts_customuser_groups_customuser_id_bc55088e; Type: INDEX; Schema: public; Owner: postgres
--

CREATE INDEX accounts_customuser_groups_customuser_id_bc55088e ON public.accounts_customuser_groups USING btree (customuser_id);


--
-- Name: accounts_customuser_groups_group_id_86ba5f9e; Type: INDEX; Schema: public; Owner: postgres
--

CREATE INDEX accounts_customuser_groups_group_id_86ba5f9e ON public.accounts_customuser_groups USING btree (group_id);


--
-- Name: accounts_customuser_user_permissions_customuser_id_0deaefae; Type: INDEX; Schema: public; Owner: postgres
--

CREATE INDEX accounts_customuser_user_permissions_customuser_id_0deaefae ON public.accounts_customuser_user_permissions USING btree (customuser_id);


--
-- Name: accounts_customuser_user_permissions_permission_id_aea3d0e5; Type: INDEX; Schema: public; Owner: postgres
--

CREATE INDEX accounts_customuser_user_permissions_permission_id_aea3d0e5 ON public.accounts_customuser_user_permissions USING btree (permission_id);


--
-- Name: auth_group_name_a6ea08ec_like; Type: INDEX; Schema: public; Owner: postgres
--

CREATE INDEX auth_group_name_a6ea08ec_like ON public.auth_group USING btree (name varchar_pattern_ops);


--
-- Name: auth_group_permissions_group_id_b120cbf9; Type: INDEX; Schema: public; Owner: postgres
--

CREATE INDEX auth_group_permissions_group_id_b120cbf9 ON public.auth_group_permissions USING btree (group_id);


--
-- Name: auth_group_permissions_permission_id_84c5c92e; Type: INDEX; Schema: public; Owner: postgres
--

CREATE INDEX auth_group_permissions_permission_id_84c5c92e ON public.auth_group_permissions USING btree (permission_id);


--
-- Name: auth_permission_content_type_id_2f476e4b; Type: INDEX; Schema: public; Owner: postgres
--

CREATE INDEX auth_permission_content_type_id_2f476e4b ON public.auth_permission USING btree (content_type_id);


--
-- Name: django_admin_log_content_type_id_c4bce8eb; Type: INDEX; Schema: public; Owner: postgres
--

CREATE INDEX django_admin_log_content_type_id_c4bce8eb ON public.django_admin_log USING btree (content_type_id);


--
-- Name: django_admin_log_user_id_c564eba6; Type: INDEX; Schema: public; Owner: postgres
--

CREATE INDEX django_admin_log_user_id_c564eba6 ON public.django_admin_log USING btree (user_id);


--
-- Name: django_session_expire_date_a5c62663; Type: INDEX; Schema: public; Owner: postgres
--

CREATE INDEX django_session_expire_date_a5c62663 ON public.django_session USING btree (expire_date);


--
-- Name: django_session_session_key_c0390e0f_like; Type: INDEX; Schema: public; Owner: postgres
--

CREATE INDEX django_session_session_key_c0390e0f_like ON public.django_session USING btree (session_key varchar_pattern_ops);


--
-- Name: matcher_matchresult_job_description_id_e727f642; Type: INDEX; Schema: public; Owner: Terobau69
--

CREATE INDEX matcher_matchresult_job_description_id_e727f642 ON public.matcher_matchresult USING btree (job_description_id);


--
-- Name: matcher_matchresult_resume_id_d70c5210; Type: INDEX; Schema: public; Owner: Terobau69
--

CREATE INDEX matcher_matchresult_resume_id_d70c5210 ON public.matcher_matchresult USING btree (resume_id);


--
-- Name: resumes_jobdescription_company_id_8f15a9bf; Type: INDEX; Schema: public; Owner: postgres
--

CREATE INDEX resumes_jobdescription_company_id_8f15a9bf ON public.resumes_jobdescription USING btree (user_id);


--
-- Name: resumes_resume_user_id_0221d0a3; Type: INDEX; Schema: public; Owner: postgres
--

CREATE INDEX resumes_resume_user_id_0221d0a3 ON public.resumes_resume USING btree (user_id);


--
-- Name: resumes_sim_resume__0ee865_idx; Type: INDEX; Schema: public; Owner: Terobau69
--

CREATE INDEX resumes_sim_resume__0ee865_idx ON public.resumes_similarityscore USING btree (resume_id, job_description_id);


--
-- Name: resumes_sim_score_fa4130_idx; Type: INDEX; Schema: public; Owner: Terobau69
--

CREATE INDEX resumes_sim_score_fa4130_idx ON public.resumes_similarityscore USING btree (score);


--
-- Name: resumes_similarityscore_job_description_id_c2d4516e; Type: INDEX; Schema: public; Owner: Terobau69
--

CREATE INDEX resumes_similarityscore_job_description_id_c2d4516e ON public.resumes_similarityscore USING btree (job_description_id);


--
-- Name: resumes_similarityscore_resume_id_4967b7b3; Type: INDEX; Schema: public; Owner: Terobau69
--

CREATE INDEX resumes_similarityscore_resume_id_4967b7b3 ON public.resumes_similarityscore USING btree (resume_id);


--
-- Name: accounts_candidateprofile accounts_candidatepr_user_id_ecd76603_fk_accounts_; Type: FK CONSTRAINT; Schema: public; Owner: Terobau69
--

ALTER TABLE ONLY public.accounts_candidateprofile
    ADD CONSTRAINT accounts_candidatepr_user_id_ecd76603_fk_accounts_ FOREIGN KEY (user_id) REFERENCES public.accounts_customuser(id) DEFERRABLE INITIALLY DEFERRED;


--
-- Name: accounts_companyprofile accounts_companyprof_user_id_bbd7ca61_fk_accounts_; Type: FK CONSTRAINT; Schema: public; Owner: Terobau69
--

ALTER TABLE ONLY public.accounts_companyprofile
    ADD CONSTRAINT accounts_companyprof_user_id_bbd7ca61_fk_accounts_ FOREIGN KEY (user_id) REFERENCES public.accounts_customuser(id) DEFERRABLE INITIALLY DEFERRED;


--
-- Name: accounts_customuser_user_permissions accounts_customuser__customuser_id_0deaefae_fk_accounts_; Type: FK CONSTRAINT; Schema: public; Owner: postgres
--

ALTER TABLE ONLY public.accounts_customuser_user_permissions
    ADD CONSTRAINT accounts_customuser__customuser_id_0deaefae_fk_accounts_ FOREIGN KEY (customuser_id) REFERENCES public.accounts_customuser(id) DEFERRABLE INITIALLY DEFERRED;


--
-- Name: accounts_customuser_groups accounts_customuser__customuser_id_bc55088e_fk_accounts_; Type: FK CONSTRAINT; Schema: public; Owner: postgres
--

ALTER TABLE ONLY public.accounts_customuser_groups
    ADD CONSTRAINT accounts_customuser__customuser_id_bc55088e_fk_accounts_ FOREIGN KEY (customuser_id) REFERENCES public.accounts_customuser(id) DEFERRABLE INITIALLY DEFERRED;


--
-- Name: accounts_customuser_user_permissions accounts_customuser__permission_id_aea3d0e5_fk_auth_perm; Type: FK CONSTRAINT; Schema: public; Owner: postgres
--

ALTER TABLE ONLY public.accounts_customuser_user_permissions
    ADD CONSTRAINT accounts_customuser__permission_id_aea3d0e5_fk_auth_perm FOREIGN KEY (permission_id) REFERENCES public.auth_permission(id) DEFERRABLE INITIALLY DEFERRED;


--
-- Name: accounts_customuser_groups accounts_customuser_groups_group_id_86ba5f9e_fk_auth_group_id; Type: FK CONSTRAINT; Schema: public; Owner: postgres
--

ALTER TABLE ONLY public.accounts_customuser_groups
    ADD CONSTRAINT accounts_customuser_groups_group_id_86ba5f9e_fk_auth_group_id FOREIGN KEY (group_id) REFERENCES public.auth_group(id) DEFERRABLE INITIALLY DEFERRED;


--
-- Name: auth_group_permissions auth_group_permissio_permission_id_84c5c92e_fk_auth_perm; Type: FK CONSTRAINT; Schema: public; Owner: postgres
--

ALTER TABLE ONLY public.auth_group_permissions
    ADD CONSTRAINT auth_group_permissio_permission_id_84c5c92e_fk_auth_perm FOREIGN KEY (permission_id) REFERENCES public.auth_permission(id) DEFERRABLE INITIALLY DEFERRED;


--
-- Name: auth_group_permissions auth_group_permissions_group_id_b120cbf9_fk_auth_group_id; Type: FK CONSTRAINT; Schema: public; Owner: postgres
--

ALTER TABLE ONLY public.auth_group_permissions
    ADD CONSTRAINT auth_group_permissions_group_id_b120cbf9_fk_auth_group_id FOREIGN KEY (group_id) REFERENCES public.auth_group(id) DEFERRABLE INITIALLY DEFERRED;


--
-- Name: auth_permission auth_permission_content_type_id_2f476e4b_fk_django_co; Type: FK CONSTRAINT; Schema: public; Owner: postgres
--

ALTER TABLE ONLY public.auth_permission
    ADD CONSTRAINT auth_permission_content_type_id_2f476e4b_fk_django_co FOREIGN KEY (content_type_id) REFERENCES public.django_content_type(id) DEFERRABLE INITIALLY DEFERRED;


--
-- Name: django_admin_log django_admin_log_content_type_id_c4bce8eb_fk_django_co; Type: FK CONSTRAINT; Schema: public; Owner: postgres
--

ALTER TABLE ONLY public.django_admin_log
    ADD CONSTRAINT django_admin_log_content_type_id_c4bce8eb_fk_django_co FOREIGN KEY (content_type_id) REFERENCES public.django_content_type(id) DEFERRABLE INITIALLY DEFERRED;


--
-- Name: django_admin_log django_admin_log_user_id_c564eba6_fk_accounts_customuser_id; Type: FK CONSTRAINT; Schema: public; Owner: postgres
--

ALTER TABLE ONLY public.django_admin_log
    ADD CONSTRAINT django_admin_log_user_id_c564eba6_fk_accounts_customuser_id FOREIGN KEY (user_id) REFERENCES public.accounts_customuser(id) DEFERRABLE INITIALLY DEFERRED;


--
-- Name: matcher_matchresult matcher_matchresult_job_description_id_e727f642_fk_resumes_j; Type: FK CONSTRAINT; Schema: public; Owner: Terobau69
--

ALTER TABLE ONLY public.matcher_matchresult
    ADD CONSTRAINT matcher_matchresult_job_description_id_e727f642_fk_resumes_j FOREIGN KEY (job_description_id) REFERENCES public.resumes_jobdescription(id) DEFERRABLE INITIALLY DEFERRED;


--
-- Name: matcher_matchresult matcher_matchresult_resume_id_d70c5210_fk_resumes_resume_id; Type: FK CONSTRAINT; Schema: public; Owner: Terobau69
--

ALTER TABLE ONLY public.matcher_matchresult
    ADD CONSTRAINT matcher_matchresult_resume_id_d70c5210_fk_resumes_resume_id FOREIGN KEY (resume_id) REFERENCES public.resumes_resume(id) DEFERRABLE INITIALLY DEFERRED;


--
-- Name: resumes_jobdescription resumes_jobdescripti_user_id_1c88ab0c_fk_accounts_; Type: FK CONSTRAINT; Schema: public; Owner: postgres
--

ALTER TABLE ONLY public.resumes_jobdescription
    ADD CONSTRAINT resumes_jobdescripti_user_id_1c88ab0c_fk_accounts_ FOREIGN KEY (user_id) REFERENCES public.accounts_customuser(id) DEFERRABLE INITIALLY DEFERRED;


--
-- Name: resumes_resume resumes_resume_user_id_0221d0a3_fk_accounts_customuser_id; Type: FK CONSTRAINT; Schema: public; Owner: postgres
--

ALTER TABLE ONLY public.resumes_resume
    ADD CONSTRAINT resumes_resume_user_id_0221d0a3_fk_accounts_customuser_id FOREIGN KEY (user_id) REFERENCES public.accounts_customuser(id) DEFERRABLE INITIALLY DEFERRED;


--
-- Name: resumes_similarityscore resumes_similaritysc_job_description_id_c2d4516e_fk_resumes_j; Type: FK CONSTRAINT; Schema: public; Owner: Terobau69
--

ALTER TABLE ONLY public.resumes_similarityscore
    ADD CONSTRAINT resumes_similaritysc_job_description_id_c2d4516e_fk_resumes_j FOREIGN KEY (job_description_id) REFERENCES public.resumes_jobdescription(id) DEFERRABLE INITIALLY DEFERRED;


--
-- Name: resumes_similarityscore resumes_similarityscore_resume_id_4967b7b3_fk_resumes_resume_id; Type: FK CONSTRAINT; Schema: public; Owner: Terobau69
--

ALTER TABLE ONLY public.resumes_similarityscore
    ADD CONSTRAINT resumes_similarityscore_resume_id_4967b7b3_fk_resumes_resume_id FOREIGN KEY (resume_id) REFERENCES public.resumes_resume(id) DEFERRABLE INITIALLY DEFERRED;


--
-- PostgreSQL database dump complete
--

